,demand
01-01-2019,27654.58333
02-01-2019,35041.375
03-01-2019,37296.39583
04-01-2019,37371.64583
05-01-2019,34352.1875
06-01-2019,32740.75
07-01-2019,34010.875
08-01-2019,34492.85417
09-01-2019,37222.20833
10-01-2019,38259.60417
11-01-2019,36717.52083
12-01-2019,30513.125
13-01-2019,28548.10417
14-01-2019,35339.64583
15-01-2019,34676.16667
16-01-2019,35012.79167
17-01-2019,36235.5
18-01-2019,37950.22917
19-01-2019,35146.375
20-01-2019,34366.39583
21-01-2019,37820.60417
22-01-2019,38306.72917
23-01-2019,39063.3125
24-01-2019,39454.35417
25-01-2019,35575.3125
26-01-2019,30960.02083
27-01-2019,29886.52083
28-01-2019,36477.25
29-01-2019,38919.20833
30-01-2019,39098.125
31-01-2019,40085.33333
01-02-2019,38905.64583
02-02-2019,34482.5625
03-02-2019,33607.10417
04-02-2019,36350.85417
05-02-2019,37776.14583
06-02-2019,36047
07-02-2019,35039.97917
08-02-2019,33383.02083
09-02-2019,29620.29167
10-02-2019,31678.41667
11-02-2019,35929.64583
12-02-2019,35632.52083
13-02-2019,34035.02083
14-02-2019,33963.41667
15-02-2019,32913.04167
16-02-2019,29813.89583
17-02-2019,27492.91667
18-02-2019,32589.16667
19-02-2019,33493.58333
20-02-2019,32489.66667
21-02-2019,32283.02083
22-02-2019,31702.33333
23-02-2019,28357.47917
24-02-2019,28575.02083
25-02-2019,32252.35417
26-02-2019,32274.29167
27-02-2019,32292.85417
28-02-2019,34297.3125
01-03-2019,33854.29167
02-03-2019,27738.375
03-03-2019,27873.83333
04-03-2019,31540.04167
05-03-2019,33057.58333
06-03-2019,33114.14583
07-03-2019,32174.54167
08-03-2019,33135
09-03-2019,27693.89583
10-03-2019,28341.3125
11-03-2019,31392.9375
12-03-2019,33018.625
13-03-2019,31543.89583
14-03-2019,30945.02083
15-03-2019,30407.45833
16-03-2019,28964.83333
17-03-2019,27244.6875
18-03-2019,33838.33333
19-03-2019,33424.3125
20-03-2019,32194.9375
21-03-2019,32247.60417
22-03-2019,31082.89583
23-03-2019,28478.125
24-03-2019,25521.41667
25-03-2019,30132.3125
26-03-2019,31792.47917
27-03-2019,32276.22917
28-03-2019,30962.72917
29-03-2019,29643.66667
30-03-2019,27352.875
31-03-2019,26682.4375
01-04-2019,30388.75
02-04-2019,33047.16667
03-04-2019,33075
04-04-2019,33082.85417
05-04-2019,30891.29167
06-04-2019,28560.04167
07-04-2019,27760.10417
08-04-2019,30673.14583
09-04-2019,31268.35417
10-04-2019,30575.45833
11-04-2019,31205.10417
12-04-2019,31344.33333
13-04-2019,26976.375
14-04-2019,27068.625
15-04-2019,28641.29167
16-04-2019,31136.9375
17-04-2019,29319.9375
18-04-2019,27848.27083
19-04-2019,24676.41667
20-04-2019,23532.3125
21-04-2019,21505.04167
22-04-2019,22874.625
23-04-2019,26847.02083
24-04-2019,28148.9375
25-04-2019,28239.39583
26-04-2019,27396.97917
27-04-2019,24876.02083
28-04-2019,25841.70833
29-04-2019,29753.97917
30-04-2019,29338.5
01-05-2019,30011.22917
02-05-2019,29399.08333
03-05-2019,29946.45833
04-05-2019,24168.54167
05-05-2019,25383.0625
06-05-2019,26928.39583
07-05-2019,29755.58333
08-05-2019,30002.79167
09-05-2019,30354.54167
10-05-2019,29942.47917
11-05-2019,25916.9375
12-05-2019,24249.375
13-05-2019,26891.66667
14-05-2019,26775.47917
15-05-2019,27103.89583
16-05-2019,26657.29167
17-05-2019,28244.95833
18-05-2019,25747.20833
19-05-2019,24768.22917
20-05-2019,27581.41667
21-05-2019,26803.41667
22-05-2019,26756.41667
23-05-2019,26163.125
24-05-2019,26016.70833
25-05-2019,23290.60417
26-05-2019,21438.02083
27-05-2019,22625.125
28-05-2019,26683.85417
29-05-2019,27993.64583
30-05-2019,25648.35417
31-05-2019,25450.79167
01-06-2019,22989.8125
02-06-2019,21575.5625
03-06-2019,24467.45833
04-06-2019,28236.33333
05-06-2019,27000.47917
06-06-2019,26137.4375
07-06-2019,27308.3125
08-06-2019,22988.375
09-06-2019,22763.9375
10-06-2019,28103.20833
11-06-2019,27500.97917
12-06-2019,28622.10417
13-06-2019,29083.27083
14-06-2019,27649.52083
15-06-2019,24059.1875
16-06-2019,22777.8125
17-06-2019,25653.58333
18-06-2019,28021.47917
19-06-2019,28176.75
20-06-2019,26223.875
21-06-2019,25783.3125
22-06-2019,22695.83333
23-06-2019,23066.64583
24-06-2019,27640.72917
25-06-2019,28358.91667
26-06-2019,27474.125
27-06-2019,25571.54167
28-06-2019,24814.02083
29-06-2019,23382.16667
30-06-2019,21185.89583
01-07-2019,24635.25
02-07-2019,26489.6875
03-07-2019,26751.45833
04-07-2019,25761.27083
05-07-2019,25617.77083
06-07-2019,23735.97917
07-07-2019,22869.52083
08-07-2019,26675.10417
09-07-2019,27903.6875
10-07-2019,27439.35417
11-07-2019,27371.91667
12-07-2019,26062.70833
13-07-2019,23872.35417
14-07-2019,23200.54167
15-07-2019,26754.9375
16-07-2019,27013.91667
17-07-2019,27176.02083
18-07-2019,26467.5625
19-07-2019,27194.35417
20-07-2019,22194.41667
21-07-2019,21824.45833
22-07-2019,24856.47917
23-07-2019,26868.29167
24-07-2019,27584.39583
25-07-2019,27953.08333
26-07-2019,28003.4375
27-07-2019,24701.77083
28-07-2019,23033
29-07-2019,25816.66667
30-07-2019,26358.10417
31-07-2019,25828.77083
01-08-2019,26362.0625
02-08-2019,26013.5
03-08-2019,23727.6875
04-08-2019,23144.83333
05-08-2019,25498.85417
06-08-2019,25694.45833
07-08-2019,25170.125
08-08-2019,26256.375
09-08-2019,25018.39583
10-08-2019,21585.89583
11-08-2019,21623.66667
12-08-2019,26108.52083
13-08-2019,25981.5625
14-08-2019,28069.29167
15-08-2019,24883.85417
16-08-2019,25879.79167
17-08-2019,20817.29167
18-08-2019,20332.79167
19-08-2019,24600.52083
20-08-2019,26092.125
21-08-2019,25782.1875
22-08-2019,25460
23-08-2019,25400.02083
24-08-2019,22871.75
25-08-2019,22659.22917
26-08-2019,24082.95833
27-08-2019,27890.08333
28-08-2019,27856.0625
29-08-2019,25532.72917
30-08-2019,24336.66667
31-08-2019,21590.54167
01-09-2019,21360.8125
02-09-2019,25552.3125
03-09-2019,26421.79167
04-09-2019,25118.9375
05-09-2019,25472.14583
06-09-2019,25648.89583
07-09-2019,23945.41667
08-09-2019,23346.9375
09-09-2019,29002.52083
10-09-2019,27905.5
11-09-2019,26497.02083
12-09-2019,27230.875
13-09-2019,26261.83333
14-09-2019,22563.3125
15-09-2019,23276.75
16-09-2019,28571.97917
17-09-2019,27248.79167
18-09-2019,28196.91667
19-09-2019,27957.72917
20-09-2019,26426.41667
21-09-2019,22536.79167
22-09-2019,24879.47917
23-09-2019,27523.02083
24-09-2019,28640.3125
25-09-2019,29100.08333
26-09-2019,26870.6875
27-09-2019,26835.75
28-09-2019,23955.75
29-09-2019,24528.4375
30-09-2019,29376.75
01-10-2019,29113.5
02-10-2019,28920
03-10-2019,30905.54167
04-10-2019,29120.95833
05-10-2019,26834.08333
06-10-2019,24909.25
07-10-2019,29551.45833
08-10-2019,27850.27083
09-10-2019,28447.45833
10-10-2019,28312.3125
11-10-2019,28384.125
12-10-2019,27372.39583
13-10-2019,27618.70833
14-10-2019,31669.64583
15-10-2019,31233.60417
16-10-2019,30197.875
17-10-2019,30727.95833
18-10-2019,30339.89583
19-10-2019,27277.91667
20-10-2019,27083.20833
21-10-2019,31912.72917
22-10-2019,31550.97917
23-10-2019,31675
24-10-2019,31799.1875
25-10-2019,31519.64583
26-10-2019,28625.5
27-10-2019,26866.66667
28-10-2019,33384.70833
29-10-2019,33252.79167
30-10-2019,32779.5625
31-10-2019,33487.02083
01-11-2019,32392.125
02-11-2019,28737.875
03-11-2019,28744.0625
04-11-2019,32782.64583
05-11-2019,33060.33333
06-11-2019,34880.625
07-11-2019,33829.70833
08-11-2019,34193.27083
09-11-2019,32732
10-11-2019,30811.9375
11-11-2019,33133.0625
12-11-2019,34020.97917
13-11-2019,35647.04167
14-11-2019,35390.22917
15-11-2019,34831
16-11-2019,32450.04167
17-11-2019,32175.10417
18-11-2019,35635.6875
19-11-2019,37412.625
20-11-2019,35707.75
21-11-2019,36253.5625
22-11-2019,35246.25
23-11-2019,31558.3125
24-11-2019,31584.375
25-11-2019,34700.97917
26-11-2019,34360
27-11-2019,34787.625
28-11-2019,34358.16667
29-11-2019,35597.5625
30-11-2019,33763.85417
01-12-2019,33088.6875
02-12-2019,37135.10417
03-12-2019,36440.14583
04-12-2019,36314.35417
05-12-2019,35165.1875
06-12-2019,32882.39583
07-12-2019,29845.45833
08-12-2019,27712.1875
09-12-2019,33814.64583
10-12-2019,34492.16667
11-12-2019,35344.375
12-12-2019,36738.375
13-12-2019,34687.58333
14-12-2019,30651.79167
15-12-2019,30945.66667
16-12-2019,35728.20833
17-12-2019,37151.4375
18-12-2019,36071.125
19-12-2019,33845.27083
20-12-2019,33910.20833
21-12-2019,31164.89583
22-12-2019,30246.33333
23-12-2019,31112.4375
24-12-2019,30279.97917
25-12-2019,27628.22917
26-12-2019,27520.85417
27-12-2019,30448.0625
28-12-2019,28716.35417
29-12-2019,27674.8125
30-12-2019,30155.29167
31-12-2019,31046.77083
01-01-2020,28966.41667
02-01-2020,30905.0625
03-01-2020,31908.14583
04-01-2020,29747.3125
05-01-2020,29390.10417
06-01-2020,32750.3125
07-01-2020,32668.02083
08-01-2020,33625.66667
09-01-2020,34040.29167
10-01-2020,33693.33333
11-01-2020,28656.33333
12-01-2020,29302.29167
13-01-2020,32979.72917
14-01-2020,33323.8125
15-01-2020,32874.47917
16-01-2020,33129.4375
17-01-2020,33974.625
18-01-2020,31581.3125
19-01-2020,32293.39583
20-01-2020,35994.89583
21-01-2020,36608.9375
22-01-2020,36533.1875
23-01-2020,36338.875
24-01-2020,35793.25
25-01-2020,31993.16667
26-01-2020,30312.04167
27-01-2020,34402.64583
28-01-2020,34529.25
29-01-2020,33699.64583
30-01-2020,33344.29167
31-01-2020,31615.14583
01-02-2020,27353.35417
02-02-2020,29057.83333
03-02-2020,31468.60417
04-02-2020,33509.1875
05-02-2020,35581.22917
06-02-2020,35588.95833
07-02-2020,33308.25
08-02-2020,27808.58333
09-02-2020,28658.64583
10-02-2020,32504.60417
11-02-2020,33089.35417
12-02-2020,33919.79167
13-02-2020,34866.35417
14-02-2020,33596.0625
15-02-2020,29331.22917
16-02-2020,27798.35417
17-02-2020,31561.5625
18-02-2020,32628.4375
19-02-2020,33950.66667
20-02-2020,32614.52083
21-02-2020,32007.5
22-02-2020,27719.91667
23-02-2020,28484.41667
24-02-2020,33294.04167
25-02-2020,33795.47917
26-02-2020,34209.375
27-02-2020,34383.16667
28-02-2020,35039.72917
29-02-2020,28247.5625
01-03-2020,27687.97917
02-03-2020,33389.60417
03-03-2020,34273.8125
04-03-2020,35990.83333
05-03-2020,36413.83333
06-03-2020,34166.625
07-03-2020,29008.9375
08-03-2020,26642.91667
09-03-2020,32021.16667
10-03-2020,30811.41667
11-03-2020,30196.04167
12-03-2020,30095.9375
13-03-2020,32533.625
14-03-2020,28541.77083
15-03-2020,27597.72917
16-03-2020,30828.20833
17-03-2020,30607.79167
18-03-2020,32359.20833
19-03-2020,33290.35417
20-03-2020,30985.27083
21-03-2020,26128.60417
22-03-2020,26072.52083
23-03-2020,28776.60417
24-03-2020,26871.14583
25-03-2020,26876.0625
26-03-2020,26953.83333
27-03-2020,25813.54167
28-03-2020,23690.875
29-03-2020,24001.79167
30-03-2020,28072.10417
31-03-2020,28600.70833
01-04-2020,28564.6875
02-04-2020,25467.20833
03-04-2020,26472.95833
04-04-2020,23296.04167
05-04-2020,20565.3125
06-04-2020,22819.8125
07-04-2020,24047.22917
08-04-2020,24160.02083
09-04-2020,23442.39583
10-04-2020,21891.04167
11-04-2020,20656.375
12-04-2020,20784.39583
13-04-2020,20440.29167
14-04-2020,23593.95833
15-04-2020,23071.35417
16-04-2020,22947.33333
17-04-2020,22940.16667
18-04-2020,23472.3125
19-04-2020,20671.8125
20-04-2020,20916.04167
21-04-2020,20828.14583
22-04-2020,21605.375
23-04-2020,22768
24-04-2020,22480.45833
25-04-2020,21319
26-04-2020,21097.85417
27-04-2020,24002.625
28-04-2020,26495.66667
29-04-2020,25310.16667
30-04-2020,24699.39583
01-05-2020,23777.52083
02-05-2020,21669.6875
03-05-2020,23361.5
04-05-2020,23215.66667
05-05-2020,22625.875
06-05-2020,22761.04167
07-05-2020,22723.375
08-05-2020,21159
09-05-2020,19997.02083
10-05-2020,20106.83333
11-05-2020,22302.9375
12-05-2020,23984.72917
13-05-2020,24163.29167
14-05-2020,23646.0625
15-05-2020,22981.54167
16-05-2020,21031.02083
17-05-2020,20227.72917
18-05-2020,21779.04167
19-05-2020,22894.3125
20-05-2020,22452.72917
21-05-2020,22494.47917
22-05-2020,19036.89583
23-05-2020,18054.72917
24-05-2020,18716.8125
25-05-2020,19537.04167
26-05-2020,22248.29167
27-05-2020,22573.58333
28-05-2020,21870.6875
29-05-2020,20949.27083
30-05-2020,18847.47917
31-05-2020,18747.25
01-06-2020,22221.72917
02-06-2020,22588.22917
03-06-2020,23734.08333
04-06-2020,23996.54167
05-06-2020,21534
06-06-2020,20166.625
07-06-2020,21443.02083
08-06-2020,24250.95833
09-06-2020,24647.58333
10-06-2020,25776.14583
11-06-2020,23363.54167
12-06-2020,23324.77083
13-06-2020,21035.97917
14-06-2020,21084.125
15-06-2020,23758.375
16-06-2020,24525.79167
17-06-2020,24799.91667
18-06-2020,25540.60417
19-06-2020,23634.47917
20-06-2020,20300.16667
21-06-2020,19137.89583
22-06-2020,21548.35417
23-06-2020,22455.0625
24-06-2020,23456.14583
25-06-2020,23713.14583
26-06-2020,24214.52083
27-06-2020,20531.77083
28-06-2020,17560.1875
29-06-2020,21485.25
30-06-2020,24420.5
01-07-2020,24802.79167
02-07-2020,24910
03-07-2020,22762.95833
04-07-2020,21619.20833
05-07-2020,18623.64583
06-07-2020,22293.4375
07-07-2020,25363.58333
08-07-2020,26228.27083
09-07-2020,26133.16667
10-07-2020,23893.54167
11-07-2020,21035.04167
12-07-2020,20364.25
13-07-2020,24140.875
14-07-2020,24986.9375
15-07-2020,25712.5
16-07-2020,24878.3125
17-07-2020,24106.95833
18-07-2020,21907.375
19-07-2020,20776.95833
20-07-2020,23306.85417
21-07-2020,24266.08333
22-07-2020,24294.14583
23-07-2020,24413.125
24-07-2020,24248.77083
25-07-2020,21866.22917
26-07-2020,20190.52083
27-07-2020,23644.45833
28-07-2020,21769.70833
29-07-2020,23527.125
30-07-2020,24103.45833
31-07-2020,23680.60417
01-08-2020,22159.5
02-08-2020,20949.77083
03-08-2020,24003.91667
04-08-2020,23812.04167
05-08-2020,23851.64583
06-08-2020,26260.16667
07-08-2020,25388.54167
08-08-2020,22546.16667
09-08-2020,21783.77083
10-08-2020,25866.35417
11-08-2020,26880.3125
12-08-2020,27126
13-08-2020,26840.64583
14-08-2020,26390.64583
15-08-2020,24124.64583
16-08-2020,23733.25
17-08-2020,26249.10417
18-08-2020,25911.89583
19-08-2020,26771.60417
20-08-2020,23206.0625
21-08-2020,22504.6875
22-08-2020,20271.70833
23-08-2020,22071.10417
24-08-2020,25394.10417
25-08-2020,24473.39583
26-08-2020,24916.77083
27-08-2020,27364.3125
28-08-2020,24729.08333
29-08-2020,21721.41667
30-08-2020,22316.60417
31-08-2020,23550.625
01-09-2020,25590.60417
02-09-2020,25491.54167
03-09-2020,25446.72917
04-09-2020,24946.75
05-09-2020,22111.75
06-09-2020,23437.95833
07-09-2020,25976.29167
08-09-2020,26162.02083
09-09-2020,25654.3125
10-09-2020,26629.52083
11-09-2020,25181.97917
12-09-2020,21803.02083
13-09-2020,20925.4375
14-09-2020,25909.47917
15-09-2020,27416.75
16-09-2020,26651.72917
17-09-2020,26051.70833
18-09-2020,25036.64583
19-09-2020,22472.14583
20-09-2020,23198.08333
21-09-2020,26727.8125
22-09-2020,26760
23-09-2020,28367.52083
24-09-2020,27615.25
25-09-2020,25231.79167
26-09-2020,23746.875
27-09-2020,24823.375
28-09-2020,29173.5625
29-09-2020,28693
30-09-2020,28569.9375
01-10-2020,28935
02-10-2020,28745.91667
03-10-2020,26934.91667
04-10-2020,26458.25
05-10-2020,29314.41667
06-10-2020,28656.58333
07-10-2020,28106.5
08-10-2020,29352.45833
09-10-2020,28321.47917
10-10-2020,26291.72917
11-10-2020,26202.70833
12-10-2020,31174.52083
13-10-2020,30188.9375
14-10-2020,29717.3125
15-10-2020,30570.33333
16-10-2020,30896.85417
17-10-2020,28265.20833
18-10-2020,28189.22917
19-10-2020,29213.3125
20-10-2020,29004.77083
21-10-2020,30906.85417
22-10-2020,29598.27083
23-10-2020,29717.04167
24-10-2020,26455.70833
25-10-2020,25386.33333
26-10-2020,29221.8125
27-10-2020,30835.5625
28-10-2020,29867.875
29-10-2020,30530.5
30-10-2020,29513.39583
31-10-2020,25220.72917
01-11-2020,24948.875
02-11-2020,28167.72917
03-11-2020,31568.83333
04-11-2020,32611.58333
05-11-2020,32528.9375
06-11-2020,31651.9375
07-11-2020,29139.70833
08-11-2020,28876.375
09-11-2020,31337.0625
10-11-2020,30924.29167
11-11-2020,29226.875
12-11-2020,28873.72917
13-11-2020,28823.85417
14-11-2020,26775.10417
15-11-2020,25852.45833
16-11-2020,29354
17-11-2020,28978.52083
18-11-2020,28567.4375
19-11-2020,31275.02083
20-11-2020,31694.85417
21-11-2020,26753.1875
22-11-2020,27938.95833
23-11-2020,31555.6875
24-11-2020,30518.375
25-11-2020,33131.79167
26-11-2020,33709.22917
27-11-2020,33968.70833
28-11-2020,30904.1875
29-11-2020,30891.85417
30-11-2020,32316.33333
01-12-2020,34277.66667
02-12-2020,34783.5
03-12-2020,35944.41667
04-12-2020,34396.60417
05-12-2020,32154.45833
06-12-2020,32975.22917
07-12-2020,36533.41667
08-12-2020,36425.79167
09-12-2020,36394.60417
10-12-2020,35264.125
11-12-2020,34314.125
12-12-2020,31606.22917
13-12-2020,30527.77083
14-12-2020,32045.0625
15-12-2020,33424.47917
16-12-2020,32984.9375
17-12-2020,32561.66667
18-12-2020,30484.39583
19-12-2020,27256.54167
20-12-2020,28055.5625
21-12-2020,32165.16667
22-12-2020,32802.95833
23-12-2020,31280.125
24-12-2020,29425.375
25-12-2020,28881.60417
26-12-2020,25306.75
27-12-2020,27193.04167
28-12-2020,31327.125
29-12-2020,32271.04167
30-12-2020,33076.64583
31-12-2020,33079.375
01-01-2021,30578.52083
02-01-2021,31332.625
03-01-2021,31368.20833
04-01-2021,35085.10417
05-01-2021,35937.64583
06-01-2021,37206.4375
07-01-2021,37519.35417
08-01-2021,37118.10417
09-01-2021,34125.6875
10-01-2021,32938.89583
11-01-2021,33392.45833
12-01-2021,34984.41667
13-01-2021,36077.625
14-01-2021,35669.47917
15-01-2021,36291.375
16-01-2021,30606.14583
17-01-2021,30094.64583
18-01-2021,33747.60417
19-01-2021,32992.3125
20-01-2021,32804.4375
21-01-2021,32653.60417
22-01-2021,33395.3125
23-01-2021,32652.75
24-01-2021,33501.35417
25-01-2021,35111.64583
26-01-2021,36916.6875
27-01-2021,35232.60417
28-01-2021,33013.375
29-01-2021,31993.45833
30-01-2021,30245.125
31-01-2021,32514.875
01-02-2021,35877.375
02-02-2021,33642.58333
03-02-2021,33460.60417
04-02-2021,34091.20833
05-02-2021,32702.89583
06-02-2021,30127.9375
07-02-2021,30381.375
08-02-2021,35746.04167
09-02-2021,36996.91667
10-02-2021,37117.8125
11-02-2021,37371.29167
12-02-2021,35528.54167
13-02-2021,32681.85417
14-02-2021,31675.20833
15-02-2021,33185.5625
16-02-2021,31560.47917
17-02-2021,31013.85417
18-02-2021,29860.64583
19-02-2021,29988.0625
20-02-2021,26108.04167
21-02-2021,27910.6875
22-02-2021,31711.41667
23-02-2021,28221.16667
24-02-2021,28164.41667
25-02-2021,29944.35417
26-02-2021,30545.66667
27-02-2021,27885.5
28-02-2021,28007.47917
01-03-2021,32448.125
02-03-2021,33245.10417
03-03-2021,34389.70833
04-03-2021,33833.45833
05-03-2021,33592.47917
06-03-2021,30727.33333
07-03-2021,29855.79167
08-03-2021,32705.16667
09-03-2021,31014.33333
10-03-2021,30653.79167
11-03-2021,28416.29167
12-03-2021,28377.625
13-03-2021,26546.4375
14-03-2021,26738.1875
15-03-2021,31022.5625
16-03-2021,30355.85417
17-03-2021,31285.10417
18-03-2021,31590.79167
19-03-2021,30538.29167
20-03-2021,28302.70833
21-03-2021,27726.04167
22-03-2021,30272.39583
23-03-2021,29513.41667
24-03-2021,29217.89583
25-03-2021,28133.10417
26-03-2021,27253.45833
27-03-2021,24907.625
28-03-2021,24078.83333
29-03-2021,25335.91667
30-03-2021,26680.3125
31-03-2021,26947.14583
01-04-2021,26901.27083
02-04-2021,25637.58333
03-04-2021,25589.375
04-04-2021,22349.20833
05-04-2021,23216.0625
06-04-2021,28508.85417
07-04-2021,31489.375
08-04-2021,28184.875
09-04-2021,29470.875
10-04-2021,27730.97917
11-04-2021,27065.35417
12-04-2021,30649.75
13-04-2021,30800.75
14-04-2021,30207.75
15-04-2021,29949.1875
16-04-2021,29406.16667
17-04-2021,25707.5625
18-04-2021,25309.29167
19-04-2021,27755.875
20-04-2021,28254.25
21-04-2021,28056.22917
22-04-2021,27553.16667
23-04-2021,26318.97917
24-04-2021,23309.5
25-04-2021,23394.4375
26-04-2021,27276.75
27-04-2021,28893.77083
28-04-2021,28963.8125
29-04-2021,29632.04167
30-04-2021,28766.60417
01-05-2021,26006.16667
02-05-2021,24826.20833
03-05-2021,26111.02083
04-05-2021,27085.75
05-05-2021,28803.39583
06-05-2021,29203.72917
07-05-2021,28107.45833
08-05-2021,25797.27083
09-05-2021,23636.25
10-05-2021,25889.85417
11-05-2021,26973.85417
12-05-2021,27830
13-05-2021,28414.91667
14-05-2021,28469.33333
15-05-2021,25664.10417
16-05-2021,24990.20833
17-05-2021,27867.125
18-05-2021,27574.625
19-05-2021,27210.125
20-05-2021,27763.4375
21-05-2021,26776.25
22-05-2021,25467.95833
23-05-2021,24370.54167
24-05-2021,27575.375
25-05-2021,28099.91667
26-05-2021,28157.83333
27-05-2021,27089.08333
28-05-2021,26800.83333
29-05-2021,23311.9375
30-05-2021,21274.77083
31-05-2021,21824.79167
01-06-2021,24115.45833
02-06-2021,24924.97917
03-06-2021,25855.91667
04-06-2021,25365.79167
05-06-2021,22293.27083
06-06-2021,22855.22917
07-06-2021,25680.79167
08-06-2021,25175.9375
09-06-2021,25314.04167
10-06-2021,26064.29167
11-06-2021,24764.5
12-06-2021,21631.33333
13-06-2021,21313.58333
14-06-2021,24760.83333
15-06-2021,24960.125
16-06-2021,25871.77083
17-06-2021,27330.875
18-06-2021,26895.375
19-06-2021,24081.29167
20-06-2021,23903.39583
21-06-2021,26659.22917
22-06-2021,26061.72917
23-06-2021,25552.08333
24-06-2021,26673.08333
25-06-2021,25231.08333
26-06-2021,22636.3125
27-06-2021,23392.91667
28-06-2021,26995.125
29-06-2021,26984.4375
30-06-2021,26444.22917
01-07-2021,26221.6875
02-07-2021,25800.60417
03-07-2021,24119.35417
04-07-2021,23243.77083
05-07-2021,25726.5625
06-07-2021,25789.47917
07-07-2021,26192.75
08-07-2021,26383.54167
09-07-2021,26340.60417
10-07-2021,24115.375
11-07-2021,23263.35417
12-07-2021,26487.41667
13-07-2021,26149.1875
14-07-2021,25606.10417
15-07-2021,25816
16-07-2021,24745.52083
17-07-2021,22290
18-07-2021,22241.9375
19-07-2021,26401.3125
20-07-2021,26884.14583
21-07-2021,26889.89583
22-07-2021,26536.0625
23-07-2021,25514.64583
24-07-2021,23065
25-07-2021,22904.25
26-07-2021,25411.64583
27-07-2021,26329.6875
28-07-2021,24729.83333
29-07-2021,23516.64583
30-07-2021,25262.95833
31-07-2021,22837.91667
01-08-2021,22710.70833
02-08-2021,25344.5625
03-08-2021,25281.91667
04-08-2021,24767.1875
05-08-2021,24864.60417
06-08-2021,23607.08333
07-08-2021,22028.5
08-08-2021,21304.875
09-08-2021,24933.70833
10-08-2021,25281.5
11-08-2021,25279
12-08-2021,24977.5
13-08-2021,23637.4375
14-08-2021,22458.77083
15-08-2021,22538.89583
16-08-2021,24934.27083
17-08-2021,26090.35417
18-08-2021,25998.33333
19-08-2021,27056.9375
20-08-2021,26852.125
21-08-2021,24866.04167
22-08-2021,23703.1875
23-08-2021,26444.79167
24-08-2021,26430.77083
25-08-2021,26742.3125
26-08-2021,26011.29167
27-08-2021,26142.89583
28-08-2021,23205.5625
29-08-2021,22509.66667
30-08-2021,24101.4375
31-08-2021,26508.1875
01-09-2021,27118.77083
02-09-2021,27241.4375
03-09-2021,26862.66667
04-09-2021,24204.47917
05-09-2021,23308.8125
06-09-2021,26963.4375
07-09-2021,26829.70833
08-09-2021,27126.10417
09-09-2021,27842.29167
10-09-2021,27661.9375
11-09-2021,23600.70833
12-09-2021,24130.85417
13-09-2021,27314.27083
14-09-2021,28288.10417
15-09-2021,27410.8125
16-09-2021,27099.25
17-09-2021,26108.79167
18-09-2021,24196.54167
19-09-2021,23999.64583
20-09-2021,26348.54167
21-09-2021,26452.3125
22-09-2021,25335.5625
23-09-2021,25493.5625
24-09-2021,25322.6875
25-09-2021,25184.47917
26-09-2021,22895.0625
27-09-2021,24837
28-09-2021,27179.10417
29-09-2021,26195.6875
30-09-2021,27576.125
01-10-2021,25250.16667
02-10-2021,25671.14583
03-10-2021,23283.85417
04-10-2021,27842.9375
05-10-2021,27607.79167
06-10-2021,27924.97917
07-10-2021,28175.79167
08-10-2021,28429.14583
09-10-2021,25445.70833
10-10-2021,24388.14583
11-10-2021,27761.89583
12-10-2021,29298.27083
13-10-2021,29218.22917
14-10-2021,28107.77083
15-10-2021,28935.66667
16-10-2021,27002.02083
17-10-2021,25765.91667
18-10-2021,29506.8125
19-10-2021,28422.25
20-10-2021,27821.85417
21-10-2021,27627.8125
22-10-2021,29105.33333
23-10-2021,26585.89583
24-10-2021,24408.27083
25-10-2021,28201.58333
26-10-2021,28411.72917
27-10-2021,27341.52083
28-10-2021,28108.4375
29-10-2021,28184.14583
30-10-2021,25918.83333
31-10-2021,25261.22917
01-11-2021,29225.125
02-11-2021,31530.22917
03-11-2021,31948.5625
04-11-2021,32225.52083
05-11-2021,32478.3125
06-11-2021,26589.79167
07-11-2021,25832.77083
08-11-2021,31950.25
09-11-2021,30592.47917
10-11-2021,32151.72917
11-11-2021,31556.8125
12-11-2021,28952
13-11-2021,28316.25
14-11-2021,28707.9375
15-11-2021,32155
16-11-2021,32129.16667
17-11-2021,31083.70833
18-11-2021,30371.875
19-11-2021,30548.22917
20-11-2021,27967.33333
21-11-2021,27846.14583
22-11-2021,33656.27083
23-11-2021,34910.5
24-11-2021,34533.77083
25-11-2021,33349.72917
26-11-2021,31843.8125
27-11-2021,30623.02083
28-11-2021,32561.64583
29-11-2021,36443.41667
30-11-2021,33317.04167
01-12-2021,32560.25
02-12-2021,35100.02083
03-12-2021,35017.79167
04-12-2021,30086.75
05-12-2021,31001
06-12-2021,35414.97917
07-12-2021,35440.14583
08-12-2021,34639.54167
09-12-2021,35457.79167
10-12-2021,33883.29167
11-12-2021,32310.91667
12-12-2021,29049.4375
13-12-2021,33184.1875
14-12-2021,32914.5
15-12-2021,32495.72917
16-12-2021,33833.08333
17-12-2021,33906.625
18-12-2021,31616.5625
19-12-2021,32033.6875
20-12-2021,35037.04167
21-12-2021,35377.14583
22-12-2021,35534.60417
23-12-2021,33469.89583
24-12-2021,30432.95833
25-12-2021,25948.89583
26-12-2021,27183.70833
27-12-2021,29375.8125
28-12-2021,28978.20833
29-12-2021,28327.45833
30-12-2021,26944.14583
31-12-2021,25998.89583
01-01-2022,22920.47917
02-01-2022,24701.20833
03-01-2022,26873.83333
04-01-2022,32100.20833
05-01-2022,34270.125
06-01-2022,35266.60417
07-01-2022,34485.91667
08-01-2022,31207.85417
09-01-2022,31085.9375
10-01-2022,35459.75
11-01-2022,34945
12-01-2022,34382.20833
13-01-2022,34934.97917
14-01-2022,35205.29167
15-01-2022,32941.75
16-01-2022,31001.39583
17-01-2022,34810.29167
18-01-2022,35785.29167
19-01-2022,33630.52083
20-01-2022,35736.97917
21-01-2022,36146.25
22-01-2022,32357.5625
23-01-2022,32180.41667
24-01-2022,35992.875
25-01-2022,36832.95833
26-01-2022,34233.8125
27-01-2022,33006.33333
28-01-2022,33577.58333
29-01-2022,28003.875
30-01-2022,29292.1875
31-01-2022,32271.125
01-02-2022,30681.72917
02-02-2022,32432.6875
03-02-2022,31516.3125
04-02-2022,31343.95833
05-02-2022,28407.9375
06-02-2022,27498.1875
07-02-2022,32891.64583
08-02-2022,31383.41667
09-02-2022,31648.83333
10-02-2022,32282.64583
11-02-2022,33459
12-02-2022,28008.22917
13-02-2022,29000.35417
14-02-2022,32360.8125
15-02-2022,33056.02083
16-02-2022,30096.625
17-02-2022,30064.91667
18-02-2022,30531.4375
19-02-2022,29420
20-02-2022,27022.60417
21-02-2022,31171.35417
22-02-2022,30540.5
23-02-2022,30727.39583
24-02-2022,31101.70833
25-02-2022,30935.5
26-02-2022,26465.72917
27-02-2022,25856.04167
28-02-2022,31917.4375
01-03-2022,33037.41667
02-03-2022,33297.45833
03-03-2022,33160.20833
04-03-2022,32644.45833
05-03-2022,28855.41667
06-03-2022,29273.77083
07-03-2022,32170.10417
08-03-2022,30489.64583
09-03-2022,29825.52083
10-03-2022,29795.625
11-03-2022,29337.29167
12-03-2022,25676.22917
13-03-2022,25861.91667
14-03-2022,29981.04167
15-03-2022,30432.66667
16-03-2022,32467.5
17-03-2022,29569.58333
18-03-2022,28939.97917
19-03-2022,23702.10417
20-03-2022,25229.33333
21-03-2022,30470.75
22-03-2022,28499.85417
23-03-2022,28513.72917
24-03-2022,28412.35417
25-03-2022,27469.27083
26-03-2022,24248.33333
27-03-2022,24733.9375
28-03-2022,28927.0625
29-03-2022,30575.72917
30-03-2022,31118.0625
31-03-2022,30174.29167
01-04-2022,30380.14583
02-04-2022,28174.375
03-04-2022,26521.14583
04-04-2022,28482.85417
05-04-2022,27755.8125
06-04-2022,26967.08333
07-04-2022,27477.79167
08-04-2022,28739.875
09-04-2022,25368.33333
10-04-2022,25156.58333
11-04-2022,26330.33333
12-04-2022,28819.25
13-04-2022,27825.29167
14-04-2022,27583.5625
15-04-2022,23533.6875
16-04-2022,21554.70833
17-04-2022,20686.5
18-04-2022,22544.27083
19-04-2022,26497.6875
20-04-2022,25535.14583
21-04-2022,24520.4375
22-04-2022,24281.39583
23-04-2022,21617.41667
24-04-2022,21140.66667
25-04-2022,26861.66667
26-04-2022,26870.89583
27-04-2022,28522.125
28-04-2022,28860.75
29-04-2022,27324.9375
30-04-2022,23223.91667
01-05-2022,24382.25
02-05-2022,24978.47917
03-05-2022,27843.1875
04-05-2022,27052.47917
05-05-2022,26206.16667
06-05-2022,25250.72917
07-05-2022,22455.89583
08-05-2022,21222.3125
09-05-2022,23793.45833
10-05-2022,23501.60417
11-05-2022,25064.10417
12-05-2022,24316.64583
13-05-2022,22392.5625
14-05-2022,21054.58333
15-05-2022,22035.8125
16-05-2022,25434.375
17-05-2022,24725.9375
18-05-2022,24005.625
19-05-2022,24380.33333
20-05-2022,24771.52083
21-05-2022,21078.08333
22-05-2022,20689.29167
23-05-2022,25195.97917
24-05-2022,24492.60417
25-05-2022,24258.85417
26-05-2022,24082.89583
27-05-2022,21717.375
28-05-2022,21257.8125
29-05-2022,21186.45833
30-05-2022,25190.47917
31-05-2022,25199.6875
01-06-2022,24692.08333
02-06-2022,21582.70833
03-06-2022,21020.16667
04-06-2022,20282.35417
05-06-2022,22790.52083
06-06-2022,26225.97917
07-06-2022,25440.5625
08-06-2022,24248.64583
09-06-2022,24851.6875
10-06-2022,22064.29167
11-06-2022,18514.66667
12-06-2022,18760.52083
13-06-2022,23762.0625
14-06-2022,24158.85417
15-06-2022,24587.5625
16-06-2022,25012.75
17-06-2022,23210.08333
18-06-2022,22282.1875
19-06-2022,20536.75
20-06-2022,23264.4375
21-06-2022,23499.83333
22-06-2022,24016.52083
23-06-2022,24807.625
24-06-2022,24130.25
25-06-2022,19056.6875
26-06-2022,18293.27083
27-06-2022,22940.27083
28-06-2022,22731.625
29-06-2022,24386.72917
30-06-2022,24460.85417
01-07-2022,23407.97917
02-07-2022,20766.375
03-07-2022,20646.60417
04-07-2022,22926.83333
05-07-2022,23806.47917
06-07-2022,23493.47917
07-07-2022,24036.27083
08-07-2022,23207.79167
09-07-2022,20703.625
10-07-2022,20541.3125
11-07-2022,24224.22917
12-07-2022,25764.9375
13-07-2022,24504.39583
14-07-2022,24301.5625
15-07-2022,23820.125
16-07-2022,21322.22917
17-07-2022,20927.5
18-07-2022,25124.375
19-07-2022,26466.22917
20-07-2022,26446.97917
21-07-2022,26071.47917
22-07-2022,25056.875
23-07-2022,21307.33333
24-07-2022,19822.35417
25-07-2022,23704.8125
26-07-2022,24401.64583
27-07-2022,24453.4375
28-07-2022,24629.39583
29-07-2022,23173.89583
30-07-2022,21268.10417
31-07-2022,21429.08333
01-08-2022,23427.14583
02-08-2022,23602.95833
03-08-2022,23554.79167
04-08-2022,23215.60417
05-08-2022,22386.97917
06-08-2022,19740.20833
07-08-2022,19383.625
08-08-2022,23643.0625
09-08-2022,24273.85417
10-08-2022,24429.8125
11-08-2022,24604.85417
12-08-2022,24762.5625
13-08-2022,22012.0625
14-08-2022,22105.22917
15-08-2022,26075.41667
16-08-2022,25901.875
17-08-2022,25120.25
18-08-2022,24826.3125
19-08-2022,23040.10417
20-08-2022,19696.95833
21-08-2022,20795.875
22-08-2022,25307.125
23-08-2022,25249.45833
24-08-2022,25377.72917
25-08-2022,25504.1875
26-08-2022,23566.64583
27-08-2022,21234.60417
28-08-2022,20789.64583
29-08-2022,21572.3125
30-08-2022,23991.45833
31-08-2022,24127.125
01-09-2022,24295.75
02-09-2022,24615.72917
03-09-2022,21751.16667
04-09-2022,21335.83333
05-09-2022,24587.875
06-09-2022,25388.33333
07-09-2022,24874.95833
08-09-2022,25612.64583
09-09-2022,24436.77083
10-09-2022,22431.66667
11-09-2022,21841.66667
12-09-2022,24866.5
13-09-2022,25647.79167
14-09-2022,24817.54167
15-09-2022,25354.16667
16-09-2022,23522.0625
17-09-2022,21319.22917
18-09-2022,21776.14583
19-09-2022,22731.9375
20-09-2022,25438.52083
21-09-2022,25266.97917
22-09-2022,24882.6875
23-09-2022,24642.22917
24-09-2022,22179.33333
25-09-2022,21364.72917
26-09-2022,24303.125
27-09-2022,25834.5625
28-09-2022,25990.77083
29-09-2022,26219.75
30-09-2022,25756.4375
01-10-2022,20726.72917
02-10-2022,22421.41667
03-10-2022,25543.75
04-10-2022,25184.79167
05-10-2022,24556.54167
06-10-2022,23593.6875
07-10-2022,23897.10417
08-10-2022,22371.1875
09-10-2022,21572.16667
10-10-2022,25155.66667
11-10-2022,27116.39583
12-10-2022,27314.79167
13-10-2022,27238.375
14-10-2022,26867.3125
15-10-2022,22145.1875
16-10-2022,21892.10417
17-10-2022,24509.66667
18-10-2022,26513.77083
19-10-2022,25748.41667
20-10-2022,27841.8125
21-10-2022,26591.97917
22-10-2022,23320.29167
23-10-2022,23947.91667
24-10-2022,25944.625
25-10-2022,26255.52083
26-10-2022,24390.41667
27-10-2022,26624.54167
28-10-2022,24411.33333
29-10-2022,23527.70833
30-10-2022,22685.52083
31-10-2022,26026.20833
01-11-2022,26694.75
02-11-2022,26253.875
03-11-2022,28657
04-11-2022,27597.47917
05-11-2022,26139.29167
06-11-2022,25176.25
07-11-2022,27264.9375
08-11-2022,26690.52083
09-11-2022,27188.58333
10-11-2022,26379.79167
11-11-2022,26157.66667
12-11-2022,25113.02083
13-11-2022,24623.79167
14-11-2022,28858.20833
15-11-2022,28909.20833
16-11-2022,29460.0625
17-11-2022,28783.77083
18-11-2022,28318.875
19-11-2022,27118.35417
20-11-2022,26630.89583
21-11-2022,31191.125
22-11-2022,31107.5625
23-11-2022,29742.625
24-11-2022,29401.66667
25-11-2022,28711.02083
26-11-2022,25822.1875
27-11-2022,26520.625
28-11-2022,30992.72917
29-11-2022,32027.39583
30-11-2022,32062.29167
01-12-2022,32521.9375
02-12-2022,32793.8125
03-12-2022,29242.27083
04-12-2022,29072.8125
05-12-2022,32852.625
06-12-2022,33168.77083
07-12-2022,34354.29167
08-12-2022,35335.22917
09-12-2022,35150.85417
10-12-2022,33119.875
11-12-2022,33263.35417
12-12-2022,37158.5
13-12-2022,37346.0625
14-12-2022,36595.45833
15-12-2022,37587.1875
16-12-2022,36590.6875
17-12-2022,33131.58333
18-12-2022,31981.3125
19-12-2022,30874.3125
20-12-2022,30177.35417
21-12-2022,30393.10417
22-12-2022,31798.875
23-12-2022,29171.64583
24-12-2022,25430.66667
25-12-2022,23096.27083
26-12-2022,23170.35417
27-12-2022,26094.9375
28-12-2022,26363.85417
29-12-2022,25804.85417
30-12-2022,25745.0625
31-12-2022,25853.22917
01-01-2023,21229.77467
02-01-2023,21231.29239
03-01-2023,21232.81011
04-01-2023,21234.32784
05-01-2023,21235.84556
06-01-2023,21237.36328
07-01-2023,21238.881
08-01-2023,21240.39872
09-01-2023,21241.91644
10-01-2023,21243.43416
11-01-2023,21244.95189
12-01-2023,21246.46961
13-01-2023,21247.98733
14-01-2023,21249.50505
15-01-2023,21251.02277
16-01-2023,21252.54049
17-01-2023,21254.05822
18-01-2023,21255.57594
19-01-2023,21257.09366
20-01-2023,21258.61138
21-01-2023,21260.1291
22-01-2023,21261.64682
23-01-2023,21263.16455
24-01-2023,21264.68227
25-01-2023,21266.19999
26-01-2023,21267.71771
27-01-2023,21269.23543
28-01-2023,21270.75315
29-01-2023,21272.27087
30-01-2023,21273.7886
31-01-2023,21275.30632
01-02-2023,21276.82404
02-02-2023,21278.34176
03-02-2023,21279.85948
04-02-2023,21281.3772
05-02-2023,21282.89493
06-02-2023,21284.41265
07-02-2023,21285.93037
08-02-2023,21287.44809
09-02-2023,21288.96581
10-02-2023,21290.48353
11-02-2023,21292.00126
12-02-2023,21293.51898
13-02-2023,21295.0367
14-02-2023,21296.55442
15-02-2023,21298.07214
16-02-2023,21299.58986
17-02-2023,21301.10759
18-02-2023,21302.62531
19-02-2023,21304.14303
20-02-2023,21305.66075
21-02-2023,21307.17847
22-02-2023,21308.69619
23-02-2023,21310.21391
24-02-2023,21311.73164
25-02-2023,21313.24936
26-02-2023,21314.76708
27-02-2023,21316.2848
28-02-2023,21317.80252
01-03-2023,21319.32024
02-03-2023,21320.83797
03-03-2023,21322.35569
04-03-2023,21323.87341
05-03-2023,21325.39113
06-03-2023,21326.90885
07-03-2023,21328.42657
08-03-2023,21329.9443
09-03-2023,21331.46202
10-03-2023,21332.97974
11-03-2023,21334.49746
12-03-2023,21336.01518
13-03-2023,21337.5329
14-03-2023,21339.05062
15-03-2023,21340.56835
16-03-2023,21342.08607
17-03-2023,21343.60379
18-03-2023,21345.12151
19-03-2023,21346.63923
20-03-2023,21348.15695
21-03-2023,21349.67468
22-03-2023,21351.1924
23-03-2023,21352.71012
24-03-2023,21354.22784
25-03-2023,21355.74556
26-03-2023,21357.26328
27-03-2023,21358.78101
28-03-2023,21360.29873
29-03-2023,21361.81645
30-03-2023,21363.33417
31-03-2023,21364.85189
01-04-2023,21366.36961
02-04-2023,21367.88734
03-04-2023,21369.40506
04-04-2023,21370.92278
05-04-2023,21372.4405
06-04-2023,21373.95822
07-04-2023,21375.47594
08-04-2023,21376.99366
09-04-2023,21378.51139
10-04-2023,21380.02911
11-04-2023,21381.54683
12-04-2023,21383.06455
13-04-2023,21384.58227
14-04-2023,21386.09999
15-04-2023,21387.61772
16-04-2023,21389.13544
17-04-2023,21390.65316
18-04-2023,21392.17088
19-04-2023,21393.6886
20-04-2023,21395.20632
21-04-2023,21396.72405
22-04-2023,21398.24177
23-04-2023,21399.75949
24-04-2023,21401.27721
25-04-2023,21402.79493
26-04-2023,21404.31265
27-04-2023,21405.83037
28-04-2023,21407.3481
29-04-2023,21408.86582
30-04-2023,21410.38354
01-05-2023,21411.90126
02-05-2023,21413.41898
03-05-2023,21414.9367
04-05-2023,21416.45443
05-05-2023,21417.97215
06-05-2023,21419.48987
07-05-2023,21421.00759
08-05-2023,21422.52531
09-05-2023,21424.04303
10-05-2023,21425.56076
11-05-2023,21427.07848
12-05-2023,21428.5962
13-05-2023,21430.11392
14-05-2023,21431.63164
15-05-2023,21433.14936
16-05-2023,21434.66709
17-05-2023,21436.18481
18-05-2023,21437.70253
19-05-2023,21439.22025
20-05-2023,21440.73797
21-05-2023,21442.25569
22-05-2023,21443.77341
23-05-2023,21445.29114
24-05-2023,21446.80886
25-05-2023,21448.32658
26-05-2023,21449.8443
27-05-2023,21451.36202
28-05-2023,21452.87974
29-05-2023,21454.39747
30-05-2023,21455.91519
31-05-2023,21457.43291
01-06-2023,21458.95063
02-06-2023,21460.46835
03-06-2023,21461.98607
04-06-2023,21463.5038
05-06-2023,21465.02152
06-06-2023,21466.53924
07-06-2023,21468.05696
08-06-2023,21469.57468
09-06-2023,21471.0924
10-06-2023,21472.61012
11-06-2023,21474.12785
12-06-2023,21475.64557
13-06-2023,21477.16329
14-06-2023,21478.68101
15-06-2023,21480.19873
16-06-2023,21481.71645
17-06-2023,21483.23418
18-06-2023,21484.7519
19-06-2023,21486.26962
20-06-2023,21487.78734
21-06-2023,21489.30506
22-06-2023,21490.82278
23-06-2023,21492.34051
24-06-2023,21493.85823
25-06-2023,21495.37595
26-06-2023,21496.89367
27-06-2023,21498.41139
28-06-2023,21499.92911
29-06-2023,21501.44684
30-06-2023,21502.96456
01-07-2023,21504.48228
02-07-2023,21506
03-07-2023,21507.51772
04-07-2023,21509.03544
05-07-2023,21510.55316
06-07-2023,21512.07089
07-07-2023,21513.58861
08-07-2023,21515.10633
09-07-2023,21516.62405
10-07-2023,21518.14177
11-07-2023,21519.65949
12-07-2023,21521.17722
13-07-2023,21522.69494
14-07-2023,21524.21266
15-07-2023,21525.73038
16-07-2023,21527.2481
17-07-2023,21528.76582
18-07-2023,21530.28355
19-07-2023,21531.80127
20-07-2023,21533.31899
21-07-2023,21534.83671
22-07-2023,21536.35443
23-07-2023,21537.87215
24-07-2023,21539.38988
25-07-2023,21540.9076
26-07-2023,21542.42532
27-07-2023,21543.94304
28-07-2023,21545.46076
29-07-2023,21546.97848
30-07-2023,21548.4962
31-07-2023,21550.01393
01-08-2023,21551.53165
02-08-2023,21553.04937
03-08-2023,21554.56709
04-08-2023,21556.08481
05-08-2023,21557.60253
06-08-2023,21559.12026
07-08-2023,21560.63798
08-08-2023,21562.1557
09-08-2023,21563.67342
10-08-2023,21565.19114
11-08-2023,21566.70886
12-08-2023,21568.22659
13-08-2023,21569.74431
14-08-2023,21571.26203
15-08-2023,21572.77975
16-08-2023,21574.29747
17-08-2023,21575.81519
18-08-2023,21577.33291
19-08-2023,21578.85064
20-08-2023,21580.36836
21-08-2023,21581.88608
22-08-2023,21583.4038
23-08-2023,21584.92152
24-08-2023,21586.43924
25-08-2023,21587.95697
26-08-2023,21589.47469
27-08-2023,21590.99241
28-08-2023,21592.51013
29-08-2023,21594.02785
30-08-2023,21595.54557
31-08-2023,21597.0633
01-09-2023,21598.58102
02-09-2023,21600.09874
03-09-2023,21601.61646
04-09-2023,21603.13418
05-09-2023,21604.6519
06-09-2023,21606.16963
07-09-2023,21607.68735
08-09-2023,21609.20507
09-09-2023,21610.72279
10-09-2023,21612.24051
11-09-2023,21613.75823
12-09-2023,21615.27595
13-09-2023,21616.79368
14-09-2023,21618.3114
15-09-2023,21619.82912
16-09-2023,21621.34684
17-09-2023,21622.86456
18-09-2023,21624.38228
19-09-2023,21625.90001
20-09-2023,21627.41773
21-09-2023,21628.93545
22-09-2023,21630.45317
23-09-2023,21631.97089
24-09-2023,21633.48861
25-09-2023,21635.00634
26-09-2023,21636.52406
27-09-2023,21638.04178
28-09-2023,21639.5595
29-09-2023,21641.07722
30-09-2023,21642.59494
01-10-2023,21644.11266
02-10-2023,21645.63039
03-10-2023,21647.14811
04-10-2023,21648.66583
05-10-2023,21650.18355
06-10-2023,21651.70127
07-10-2023,21653.21899
08-10-2023,21654.73672
09-10-2023,21656.25444
10-10-2023,21657.77216
11-10-2023,21659.28988
12-10-2023,21660.8076
13-10-2023,21662.32532
14-10-2023,21663.84305
15-10-2023,21665.36077
16-10-2023,21666.87849
17-10-2023,21668.39621
18-10-2023,21669.91393
19-10-2023,21671.43165
20-10-2023,21672.94938
21-10-2023,21674.4671
22-10-2023,21675.98482
23-10-2023,21677.50254
24-10-2023,21679.02026
25-10-2023,21680.53798
26-10-2023,21682.0557
27-10-2023,21683.57343
28-10-2023,21685.09115
29-10-2023,21686.60887
30-10-2023,21688.12659
31-10-2023,21689.64431
01-11-2023,21691.16203
02-11-2023,21692.67976
03-11-2023,21694.19748
04-11-2023,21695.7152
05-11-2023,21697.23292
06-11-2023,21698.75064
07-11-2023,21700.26836
08-11-2023,21701.78609
09-11-2023,21703.30381
10-11-2023,21704.82153
11-11-2023,21706.33925
12-11-2023,21707.85697
13-11-2023,21709.37469
14-11-2023,21710.89241
15-11-2023,21712.41014
16-11-2023,21713.92786
17-11-2023,21715.44558
18-11-2023,21716.9633
19-11-2023,21718.48102
20-11-2023,21719.99874
21-11-2023,21721.51647
22-11-2023,21723.03419
23-11-2023,21724.55191
24-11-2023,21726.06963
25-11-2023,21727.58735
26-11-2023,21729.10507
27-11-2023,21730.6228
28-11-2023,21732.14052
29-11-2023,21733.65824
30-11-2023,21735.17596
01-12-2023,21736.69368
02-12-2023,21738.2114
03-12-2023,21739.72913
04-12-2023,21741.24685
05-12-2023,21742.76457
06-12-2023,21744.28229
07-12-2023,21745.80001
08-12-2023,21747.31773
09-12-2023,21748.83545
10-12-2023,21750.35318
11-12-2023,21751.8709
12-12-2023,21753.38862
13-12-2023,21754.90634
14-12-2023,21756.42406
15-12-2023,21757.94178
16-12-2023,21759.45951
17-12-2023,21760.97723
18-12-2023,21762.49495
19-12-2023,21764.01267
20-12-2023,21765.53039
21-12-2023,21767.04811
22-12-2023,21768.56584
23-12-2023,21770.08356
24-12-2023,21771.60128
25-12-2023,21773.119
26-12-2023,21774.63672
27-12-2023,21776.15444
28-12-2023,21777.67216
29-12-2023,21779.18989
30-12-2023,21780.70761
31-12-2023,21782.22533
01-01-2024,25270.1875
02-01-2024,29282.125
03-01-2024,30733.4375
04-01-2024,32170.625
05-01-2024,32196.08333
06-01-2024,29717.125
07-01-2024,30667.85417
08-01-2024,35312.75
09-01-2024,34623.75
10-01-2024,34561.10417
11-01-2024,34720.10417
12-01-2024,34819.75
13-01-2024,31265.125
14-01-2024,30774.29167
15-01-2024,34972.60417
16-01-2024,36320.39583
17-01-2024,37011.625
18-01-2024,36743.25
19-01-2024,34868.125
20-01-2024,29799.54167
21-01-2024,27934.125
22-01-2024,30080.66667
23-01-2024,31669.27083
24-01-2024,30493.8125
25-01-2024,31169.79167
26-01-2024,28675.77083
27-01-2024,28169.25
28-01-2024,27034.20833
29-01-2024,31759.70833
30-01-2024,31879.04167
31-01-2024,31378.41667
01-02-2024,31315
02-02-2024,28845.70833
03-02-2024,25840.77083
04-02-2024,25246.4375
05-02-2024,28632.20833
06-02-2024,29431.39583
07-02-2024,33116.3125
08-02-2024,32825.22917
09-02-2024,31042.29167
10-02-2024,28594.45833
11-02-2024,27996.125
12-02-2024,29320.83333
13-02-2024,31827.77083
14-02-2024,30909.70833
15-02-2024,29400.20833
16-02-2024,28844.3125
17-02-2024,26685.9375
18-02-2024,25572.95833
19-02-2024,28103.97917
20-02-2024,28581.35417
21-02-2024,29503.75
22-02-2024,30594.125
23-02-2024,30962.5625
24-02-2024,29028.58333
25-02-2024,28598.1875
26-02-2024,31314.66667
27-02-2024,31939.375
28-02-2024,31472.20833
29-02-2024,30709.91667
01-03-2024,31261.14583
02-03-2024,29603
03-03-2024,28658.97917
04-03-2024,30915.97917
05-03-2024,31362.375
06-03-2024,31121.85417
07-03-2024,30933.10417
08-03-2024,28575.16667
09-03-2024,26243.02083
10-03-2024,27339.8125
11-03-2024,32304.10417
12-03-2024,31147.52083
13-03-2024,28170.64583
14-03-2024,28907.1875
15-03-2024,27308.20833
16-03-2024,26481.47917
17-03-2024,25590.16667
18-03-2024,27231.375
19-03-2024,27568.3125
20-03-2024,28990.91667
21-03-2024,27043.6875
22-03-2024,25949.41667
23-03-2024,22848.70833
24-03-2024,23923.08333
25-03-2024,29342.5625
26-03-2024,28847.89583
27-03-2024,28054.27083
28-03-2024,27897.08333
29-03-2024,24597.16667
30-03-2024,23127.04167
31-03-2024,23337.10417
01-04-2024,23873.45833
02-04-2024,27509.1875
03-04-2024,27190.25
04-04-2024,27808.83333
05-04-2024,24448.41667
06-04-2024,20943.20833
07-04-2024,20307.52083
08-04-2024,26016.91667
09-04-2024,26207.54167
10-04-2024,27443.45833
11-04-2024,25528.41667
12-04-2024,23615.20833
13-04-2024,21056.25
14-04-2024,21133.54167
15-04-2024,23956.97917
16-04-2024,25538.02083
17-04-2024,26340.27083
18-04-2024,26210.72917
19-04-2024,25356.5625
20-04-2024,23774.1875
21-04-2024,23745.4375
22-04-2024,28830.9375
23-04-2024,27585.0625
24-04-2024,27303.64583
25-04-2024,28572.41667
26-04-2024,27492.33333
27-04-2024,25609.5
28-04-2024,24109.16667
29-04-2024,24598.3125
30-04-2024,24223
01-05-2024,26058.22917
02-05-2024,25177.41667
03-05-2024,26198.47917
04-05-2024,22221.58333
05-05-2024,21925.08333
06-05-2024,23055.375
07-05-2024,24530.08333
08-05-2024,23959.10417
09-05-2024,23330.16667
10-05-2024,22996.85417
11-05-2024,19810.41667
12-05-2024,19770.5625
13-05-2024,23310.14583
14-05-2024,24517.25
15-05-2024,24224.79167
16-05-2024,25419.3125
17-05-2024,23530.70833
18-05-2024,21502.5625
19-05-2024,19498.97917
20-05-2024,22900.29167
21-05-2024,25088.29167
22-05-2024,25399.875
23-05-2024,23846.10417
24-05-2024,24585.47917
25-05-2024,20707.0625
26-05-2024,20165.02083
27-05-2024,19933.75
28-05-2024,24262.33333
29-05-2024,23136.125
30-05-2024,23010.3125
31-05-2024,22674.29167
01-06-2024,20491.60417
02-06-2024,18768.95833
03-06-2024,23469.04167
04-06-2024,23398.75
05-06-2024,21873.25
06-06-2024,22948.66667
07-06-2024,22025.5625
08-06-2024,19203.47917
09-06-2024,19691.89583
10-06-2024,22529.375
11-06-2024,24413.77083
12-06-2024,25031.83333
13-06-2024,24530.54167
14-06-2024,23034.72917
15-06-2024,21354.5625
16-06-2024,19909.25
17-06-2024,23019.39583
18-06-2024,23779.29167
19-06-2024,23043.66667
20-06-2024,22952.83333
21-06-2024,21725.27083
22-06-2024,19933.0625
23-06-2024,20552.77083
24-06-2024,24146.75
25-06-2024,24223.39583
26-06-2024,23949.1875
27-06-2024,21380.14583
28-06-2024,20677.20833
29-06-2024,20114.9375
30-06-2024,20919.0625
01-07-2024,23642.27083
02-07-2024,23695.8125
03-07-2024,23809.25
04-07-2024,20643.04167
05-07-2024,23019.70833
06-07-2024,20287.89583
07-07-2024,20376.4375
08-07-2024,23905.72917
09-07-2024,24873.54167
10-07-2024,23698.25
11-07-2024,24069.58333
12-07-2024,24108.45833
13-07-2024,21493.1875
14-07-2024,20907.64583
15-07-2024,24946.60417
16-07-2024,24591.66667
17-07-2024,23535.8125
18-07-2024,23240.47917
19-07-2024,22911.04167
20-07-2024,22578.16667
21-07-2024,20230.0625
22-07-2024,23546.64583
23-07-2024,23924.45833
24-07-2024,24134.72917
25-07-2024,24642.33333
26-07-2024,22062.14583
27-07-2024,20439.5625
28-07-2024,19239.875
29-07-2024,22167.14583
30-07-2024,23038.95833
31-07-2024,23752.14583
01-08-2024,24140.41667
02-08-2024,22917.29167
03-08-2024,20438.66667
04-08-2024,19836
05-08-2024,22590.91667
06-08-2024,22988.29167
07-08-2024,22265.625
08-08-2024,23437.47917
09-08-2024,20093.66667
10-08-2024,20090.29167
11-08-2024,19422.70833
12-08-2024,23204.14583
13-08-2024,22974.1875
14-08-2024,23956.9375
15-08-2024,22883.95833
16-08-2024,21799.77083
17-08-2024,20141.25
18-08-2024,19005.27083
19-08-2024,23018.04167
20-08-2024,21371.10417
21-08-2024,22027.72917
22-08-2024,22269.375
23-08-2024,20421.91667
24-08-2024,20416.375
25-08-2024,18114.5625
26-08-2024,20168.16667
27-08-2024,22399.41667
28-08-2024,24107.89583
29-08-2024,22769.5
30-08-2024,22729.5
31-08-2024,20675.10417
01-09-2024,21559.52083
02-09-2024,26083.1875
03-09-2024,25221.14583
04-09-2024,25028.375
05-09-2024,25208.22917
06-09-2024,24617.95833
07-09-2024,23565.85417
08-09-2024,22848.27083
09-09-2024,23681.375
10-09-2024,23424.27083
11-09-2024,23274.83333
12-09-2024,24923.89583
13-09-2024,24662.9375
14-09-2024,20072.20833
15-09-2024,21980.91667
16-09-2024,24081.9375
17-09-2024,24157.41667
18-09-2024,24223.875
19-09-2024,24344.125
20-09-2024,24653.45833
21-09-2024,22069.02083
22-09-2024,23389.08333
23-09-2024,27053.14583
24-09-2024,26599.16667
25-09-2024,27064.33333
26-09-2024,25446.16667
27-09-2024,24732.3125
28-09-2024,23803.70833
29-09-2024,24031
30-09-2024,27426.6875
01-10-2024,27282.45833
02-10-2024,26984.85417
03-10-2024,26782.5
04-10-2024,26059.45833
05-10-2024,22654.875
06-10-2024,24747.39583
07-10-2024,26757.625
08-10-2024,27500.08333
09-10-2024,26536.10417
10-10-2024,27670.5
11-10-2024,27035.25
12-10-2024,24406.16667
13-10-2024,26150.83333
14-10-2024,29523.79167
15-10-2024,28937.875
16-10-2024,28729.41667
17-10-2024,26453.95833
18-10-2024,25904.35417
19-10-2024,24033
20-10-2024,22816.3125
21-10-2024,26911.91667
22-10-2024,27591.72917
23-10-2024,27883.85417
24-10-2024,27144.89583
25-10-2024,28179.875
26-10-2024,24933.375
27-10-2024,23823.04167
28-10-2024,28252.70833
29-10-2024,28897.54167
30-10-2024,29304.1875
31-10-2024,27965.29167
01-11-2024,28475.6875
02-11-2024,26679.875
03-11-2024,27183.4375
04-11-2024,30629.35417
05-11-2024,30827.35417
06-11-2024,30921.22917
07-11-2024,30431.3125
08-11-2024,30668.52083
09-11-2024,28877.02083
10-11-2024,27490.77083
11-11-2024,30027.0625
12-11-2024,31359.91667
13-11-2024,30991.20833
14-11-2024,31399.33333
15-11-2024,30435.04167
16-11-2024,27550.6875
17-11-2024,27842.04167
18-11-2024,32899.25
19-11-2024,33982.97917
20-11-2024,34461.625
21-11-2024,35804.75
22-11-2024,34252.75
23-11-2024,29314.625
24-11-2024,25857.0625
25-11-2024,28799.16667
26-11-2024,32438.52083
27-11-2024,34369.83333
28-11-2024,34445.08333
29-11-2024,31540.89583
30-11-2024,27487.4375
01-12-2024,27127
02-12-2024,31288.33333
03-12-2024,34013.79167
04-12-2024,33088.4375
05-12-2024,30897.41667
06-12-2024,31017.91667
07-12-2024,28659.64583
08-12-2024,28096.8125
09-12-2024,32826.45833
10-12-2024,34550.3125
11-12-2024,35178.27083
12-12-2024,34804.9375
13-12-2024,34217.70833
14-12-2024,29746.58333
15-12-2024,27359.8125
16-12-2024,30174.27083
17-12-2024,31306.95833
18-12-2024,29689.9375
19-12-2024,31233.6875
20-12-2024,31473.45833
21-12-2024,26751.1875
22-12-2024,26376.45833
23-12-2024,30792.45833
24-12-2024,27442.89583
25-12-2024,24570.22917
26-12-2024,25268.02083
27-12-2024,28691.89583
28-12-2024,28329.41667
29-12-2024,26133.60417
30-12-2024,26732.64583
31-12-2024,25260.77083
